Datetime,Water Level (m)
2025-08-18 00:00:00,1.9901466
2025-08-18 01:00:00,1.9785863
2025-08-18 02:00:00,1.4993805
2025-08-18 03:00:00,0.9133743
2025-08-18 04:00:00,0.3492579
2025-08-18 05:00:00,-0.07231709
2025-08-18 06:00:00,-0.33200052
2025-08-18 07:00:00,-0.42904878
2025-08-18 08:00:00,-0.30645788
2025-08-18 09:00:00,0.15496236
2025-08-18 10:00:00,0.67840546
2025-08-18 11:00:00,1.1458352
2025-08-18 12:00:00,1.4871259
2025-08-18 13:00:00,1.5775955
2025-08-18 14:00:00,1.4021379
2025-08-18 15:00:00,0.9733968
2025-08-18 16:00:00,0.4419621
2025-08-18 17:00:00,0.03203847
2025-08-18 18:00:00,-0.25058293
2025-08-18 19:00:00,-0.4352926
2025-08-18 20:00:00,-0.43606293
2025-08-18 21:00:00,-0.12024141
2025-08-18 22:00:00,0.3994531
2025-08-18 23:00:00,0.8718371
2025-08-19 00:00:00,1.3867337
2025-08-19 01:00:00,1.8062563
2025-08-19 02:00:00,1.9893043
2025-08-19 03:00:00,1.858563
2025-08-19 04:00:00,1.4149525
2025-08-19 05:00:00,0.89049596
2025-08-19 06:00:00,0.35265404
2025-08-19 07:00:00,-0.08750656
2025-08-19 08:00:00,-0.34845972
2025-08-19 09:00:00,-0.49671823
2025-08-19 10:00:00,-0.40065992
2025-08-19 11:00:00,0.23148063
2025-08-19 12:00:00,0.873714
2025-08-19 13:00:00,1.3645313
2025-08-19 14:00:00,1.7061564
2025-08-19 15:00:00,1.7143445
2025-08-19 16:00:00,1.4033324
2025-08-19 17:00:00,0.840849
2025-08-19 18:00:00,0.32405472
2025-08-19 19:00:00,-0.14592844
2025-08-19 20:00:00,-0.501066
2025-08-19 21:00:00,-0.7195647
2025-08-19 22:00:00,-0.7866369
2025-08-19 23:00:00,-0.22019765
2025-08-20 00:00:00,0.7902707
2025-08-20 01:00:00,1.4480537
2025-08-20 02:00:00,2.0098736
2025-08-20 03:00:00,2.2374709
2025-08-20 04:00:00,2.078874
2025-08-20 05:00:00,1.5809219
2025-08-20 06:00:00,0.92968035
2025-08-20 07:00:00,0.29934335
2025-08-20 08:00:00,-0.18931577
2025-08-20 09:00:00,-0.51903874
2025-08-20 10:00:00,-0.7580018
2025-08-20 11:00:00,-0.8436016
2025-08-20 12:00:00,-0.27204692
2025-08-20 13:00:00,0.79087675
2025-08-20 14:00:00,1.4359301
2025-08-20 15:00:00,1.901677
2025-08-20 16:00:00,1.9796766
2025-08-20 17:00:00,1.633558
2025-08-20 18:00:00,1.0053688
2025-08-20 19:00:00,0.38151774
2025-08-20 20:00:00,-0.16100828
2025-08-20 21:00:00,-0.5473247
2025-08-20 22:00:00,-0.8329953
2025-08-20 23:00:00,-1.0189353
2025-08-21 00:00:00,-0.86228
2025-08-21 01:00:00,0.5109051
2025-08-21 02:00:00,1.4265476
2025-08-21 03:00:00,2.1254313
2025-08-21 04:00:00,2.3920164
2025-08-21 05:00:00,2.1654162
2025-08-21 06:00:00,1.5978206
2025-08-21 07:00:00,0.85731727
2025-08-21 08:00:00,0.18073311
2025-08-21 09:00:00,-0.31288415
2025-08-21 10:00:00,-0.6381944
2025-08-21 11:00:00,-0.9420175
2025-08-21 12:00:00,-1.0745041
2025-08-21 13:00:00,-0.4075639
2025-08-21 14:00:00,0.9763759
2025-08-21 15:00:00,1.7333184
2025-08-21 16:00:00,2.232694
2025-08-21 17:00:00,2.2416017
2025-08-21 18:00:00,1.740523
2025-08-21 19:00:00,1.0547053
2025-08-21 20:00:00,0.3363795
2025-08-21 21:00:00,-0.23544417
2025-08-21 22:00:00,-0.5815879
2025-08-21 23:00:00,-0.8849561
2025-08-22 00:00:00,-1.1094158
2025-08-22 01:00:00,-0.9497933
2025-08-22 02:00:00,0.73443323
2025-08-22 03:00:00,1.7505255
2025-08-22 04:00:00,2.4389448
2025-08-22 05:00:00,2.5824122
2025-08-22 06:00:00,2.2253246
2025-08-22 07:00:00,1.5313951
2025-08-22 08:00:00,0.7478256
2025-08-22 09:00:00,0.03589197
2025-08-22 10:00:00,-0.4270405
2025-08-22 11:00:00,-0.74872005
2025-08-22 12:00:00,-1.0531893
2025-08-22 13:00:00,-1.178632
2025-08-22 14:00:00,-0.16671148
2025-08-22 15:00:00,1.2606204
2025-08-22 16:00:00,2.0780368
2025-08-22 17:00:00,2.524314
2025-08-22 18:00:00,2.3568566
2025-08-22 19:00:00,1.6417866
2025-08-22 20:00:00,0.89399916
2025-08-22 21:00:00,0.12388091
2025-08-22 22:00:00,-0.3982043
2025-08-22 23:00:00,-0.7380924
2025-08-23 00:00:00,-1.0575235
2025-08-23 01:00:00,-1.2538238
2025-08-23 02:00:00,-0.63704246
2025-08-23 03:00:00,1.1592505
2025-08-23 04:00:00,2.1306884
2025-08-23 05:00:00,2.7019346
2025-08-23 06:00:00,2.6633582
2025-08-23 07:00:00,2.072463
2025-08-23 08:00:00,1.2773618
2025-08-23 09:00:00,0.459618
2025-08-23 10:00:00,-0.18743227
2025-08-23 11:00:00,-0.5728428
2025-08-23 12:00:00,-0.866767
2025-08-23 13:00:00,-1.140087
2025-08-23 14:00:00,-1.1126218
2025-08-23 15:00:00,0.6296604
2025-08-23 16:00:00,1.7768016
2025-08-23 17:00:00,2.5019715
2025-08-23 18:00:00,2.6685572
2025-08-23 19:00:00,2.2235367
2025-08-23 20:00:00,1.4001436
2025-08-23 21:00:00,0.62033653
2025-08-23 22:00:00,-0.09039957
2025-08-23 23:00:00,-0.55265474
2025-08-24 00:00:00,-0.86053216
